"id","name","description","manufacturer","price"
204389692,"PANASONIC 4GB SDHC CARD CLASS 6 20 MB/SEC*NIC* - RP-SDV04GU1K",,,$23.12
200924629,"Linksys WRV54G Wireless-G VPN Broadband Router",,,
205554287,"233XSGG - Skagen",,,$70.00
204363358,"SONY STEREO BLUETOOTH HEADSET *NIC* - TMRBT10/TMRBT10A",,,$41.99
204345240,"PANASONIC 2GB SD CARD PROHISPD 20 MB/SEC - RP-SDV02GU1A",,,$11.99
10011646,"Linksys EtherFast EZXS88W Ethernet Switch - EZXS88W","Linksys EtherFast 8-Port 10/100 Switch (New/Workgroup)","LINKSYS",
202985798,"LG Electronics RLM20K Remote Laundry Monitoring System",,"LG Electronics",
205554724,"Seiko SXDA04",,,$138.00
10221960,"Netgear ProSafe FS105 Ethernet Switch - FS105NA","NETGEAR FS105 Prosafe 5 Port 10/100 Desktop Switch","Netgear",
10246269,"Belkin Pro Series High Integrity VGA/SVGA Monitor Extension Cable - F3H982-10","1 x HD-15 - 1 x HD-15 - 10ft - Beige","Belkin",