name,manufacturer,price,id
Netgear ProSafe FS105 Ethernet Switch - FS105NA,Netgear,,10221960
Belkin Pro Series High Integrity VGA/SVGA Monitor Extension Cable - F3H982-10,Belkin,,10246269
LG 25.0 Cu.Ft. Total Capacity,LG Electronics,,208114672
LG 25.0 Cu.Ft. Total Capacity,LG Electronics,,208114673
Linksys WRV54G Wireless-G VPN Broadband Router,,,200924629
233XSGG - Skagen,,$70.00,205554287
Seiko SXDA04,,$138.00,205554724
SONY STEREO BLUETOOTH HEADSET *NIC* - TMRBT10/TMRBT10A,,$41.99,204363358
Toshiba 19LV506 - 19' Widescreen LCD HDTV w/ Built-in DVD Player - 800:1 Contrast Ratio - 5ms Response Time - White,Toshiba,,207391014
Toshiba 19LV505 - 19' Widescreen LCD HDTV w/ Built-in DVD Player - 800:1 Contrast Ratio - 5ms Response Time,Toshiba,,207391015
